[{"Matricula":0,"Nome":"Funcionario de teste","Ramal":9999,"Email":"teste@teste.com","Setor":"testes","Nascimento":"1980-01-01"},{"Matricula":1,"Nome":"Funcionario1","Ramal":1001,"Email":"teste1@teste.com","Setor":"testes1","Nascimento":"1980-12-01"},{"Matricula":2,"Nome":"Funcionario2","Ramal":1002,"Email":"teste2@teste.com","Setor":"testes2","Nascimento":"1990-05-06"},{"Matricula":3,"Nome":"Funcionario3","Ramal":1003,"Email":"teste3@teste.com","Setor":"testes3","Nascimento":"1985-01-09"},{"Matricula":4,"Nome":"Funcionario4","Ramal":1004,"Email":"teste4@teste.com","Setor":"testes","Nascimento":"1975-01-04"},{"Matricula":5,"Nome":"Funcionario5","Ramal":1006,"Email":"teste5@teste.com","Setor":"testes","Nascimento":"1980-02-01"},{"Matricula":6,"Nome":"Funcionario6","Ramal":1007,"Email":"teste6@teste.com","Setor":"arrecadacao","Nascimento":"1980-03-01"},{"Matricula":7,"Nome":"Funcionario7","Ramal":1010,"Email":"teste7@teste.com","Setor":"pessoal","Nascimento":"1990-04-06"},{"Matricula":8,"Nome":"Funcionario8","Ramal":1020,"Email":"teste8@teste.com","Setor":"folha","Nascimento":"1985-05-09"},{"Matricula":9,"Nome":"Funcionario9","Ramal":1025,"Email":"teste9@teste.com","Setor":"producao","Nascimento":"1975-06-04"},{"Matricula":"1","Nome":"1","Ramal":"1","Email":"1","Setor":"1","Nascimento":"2011-01-01"},{"Matricula":"2","Nome":"2","Ramal":"2","Email":"2","Setor":"2","Nascimento":"2011-02-02"},{"Matricula":"3","Nome":"3","Ramal":"3","Email":"3","Setor":"3","Nascimento":"2003-03-03"},{"Matricula":"4","Nome":"4","Ramal":"4","Email":"4","Setor":"4","Nascimento":"2004-04-04"},{"Matricula":"5","Nome":"5","Ramal":"5","Email":"5","Setor":"5","Nascimento":"2005-05-05"},{"Matricula":"6","Nome":"6","Ramal":"6","Email":"6","Setor":"6","Nascimento":"2006-06-06"},{"Matricula":"7","Nome":"7","Ramal":"7","Email":"7","Setor":"7","Nascimento":"2007-07-07"},{"Matricula":"8","Nome":"8","Ramal":"8","Email":"8","Setor":"8","Nascimento":"2008-08-08"},{"Matricula":"9","Nome":"9","Ramal":"9","Email":"9","Setor":"9","Nascimento":"2009-09-09"},{"Matricula":"10","Nome":"10","Ramal":"10","Email":"10","Setor":"10","Nascimento":"2010-10-10"},{"Matricula":"11","Nome":"11","Ramal":"11","Email":"11","Setor":"11","Nascimento":"2011-11-11"},{"Matricula":"12","Nome":"12","Ramal":"12","Email":"12","Setor":"12","Nascimento":"2012-12-12"},{"Matricula":"951","Nome":"753","Ramal":"9874","Email":"753@teste.com","Setor":"rh","Nascimento":"2000-05-04"}]